{"cameraMode":{"drawMode":0,"name":"Shaded","section":"Shading Mode"},"sceneLighting":true,"audioPlay":false,"sceneViewState":{"m_AlwaysRefresh":true,"showFog":true,"showSkybox":true,"showFlares":true,"showImageEffects":true,"showParticleSystems":true,"showVisualEffectGraphs":true,"m_FxEnabled":true},"in2DMode":false,"pivot":{"x":-3.2596254348754885,"y":9.087255477905274,"z":55.887447357177737},"rotation":{"x":0.05595003068447113,"y":0.9422401785850525,"z":-0.26168230175971987,"w":0.20143349468708039},"size":69.21382904052735,"orthographic":false}