{"cameraMode":{"drawMode":0,"name":"Shaded","section":"Shading Mode"},"sceneLighting":true,"audioPlay":false,"sceneViewState":{"m_AlwaysRefresh":true,"showFog":true,"showSkybox":true,"showFlares":true,"showImageEffects":true,"showParticleSystems":true,"showVisualEffectGraphs":true,"m_FxEnabled":true},"in2DMode":false,"pivot":{"x":11.39999771118164,"y":20.200000762939454,"z":-110.19999694824219},"rotation":{"x":0.05595003068447113,"y":0.9422401785850525,"z":-0.26168230175971987,"w":0.20143349468708039},"size":137.28057861328126,"orthographic":false}