{"cameraMode":{"drawMode":0,"name":"Shaded","section":"Shading Mode"},"sceneLighting":true,"audioPlay":false,"sceneViewState":{"m_AlwaysRefresh":false,"showFog":true,"showSkybox":true,"showFlares":true,"showImageEffects":true,"showParticleSystems":true,"showVisualEffectGraphs":true,"m_FxEnabled":true},"in2DMode":false,"pivot":{"x":92.07167053222656,"y":-89.51148223876953,"z":264.72137451171877},"rotation":{"x":-0.14605720341205598,"y":-0.15404579043388368,"z":0.023035112768411638,"w":-0.9769896268844605},"size":189.88504028320313,"orthographic":false}